Workbook

Sheet Spec2
A1: E (MeV) | B1: Fluence (n/MeV/cm2) | C1: Flux (n/MeV/cm2/s) for 41.7 nA current at 3,407m distance from target face | E1: Neutron Yield (n/sr/uC/MeV) | H1: integrated charge (uC) | L1: Start time: Mon Dec 9 15:04:31 2024 | Q1: 0.62813657 | R1: =86400*Q1 -> 54271
A2: 12 | B2: 54409.5 | C2: =B2/$R$3*$H$6 -> 34.824625 | E2: =B2*346.9*346.9/$H$2*$H$6 -> 1.0047518e+08 | H2: 65.54 | L2: - 4294967296 ns | Q2: 0.64633102 | R2: =86400*Q2 -> 55843
A3: 12.2 | B3: 53100.1 | C3: =B3/$R$3*$H$6 -> 33.986548 | E3: =B3*346.9*346.9/$H$2*$H$6 -> 98057177 | H3: Mean Beam current (uA) | L3: Stop time: Mon Dec 9 15:30:43 2024 | Q3: duration in seconds | R3: =R2-R1-4.29+3.63 -> 1571.34
A4: 12.4 | B4: 52985.2 | C4: =B4/$R$3*$H$6 -> 33.913007 | E4: =B4*346.9*346.9/$H$2*$H$6 -> 97844997 | H4: =H2/R3 -> 0.041709624 | L4: + 3634201155 ns | R4: =R3/60 -> 26.189
A5: 12.6 | B5: 50635 | C5: =B5/$R$3*$H$6 -> 32.408769 | E5: =B5*346.9*346.9/$H$2*$H$6 -> 93505005 | H5: Acq dead time corr
A6: 12.8 | B6: 50128.9 | C6: =B6/$R$3*$H$6 -> 32.084841 | E6: =B6*346.9*346.9/$H$2*$H$6 -> 92570417 | H6: =1.00553*1.0002 -> 1.0057311
A7: 13 | B7: 49843.9 | C7: =B7/$R$3*$H$6 -> 31.902428 | E7: =B7*346.9*346.9/$H$2*$H$6 -> 92044122
A8: 13.2 | B8: 48538.2 | C8: =B8/$R$3*$H$6 -> 31.066719 | E8: =B8*346.9*346.9/$H$2*$H$6 -> 89632955
A9: 13.4 | B9: 48578.2 | C9: =B9/$R$3*$H$6 -> 31.09232 | E9: =B9*346.9*346.9/$H$2*$H$6 -> 89706820
A10: 13.6 | B10: 47488.7 | C10: =B10/$R$3*$H$6 -> 30.394989 | E10: =B10*346.9*346.9/$H$2*$H$6 -> 87694898
A11: 13.8 | B11: 46707.4 | C11: =B11/$R$3*$H$6 -> 29.894921 | E11: =B11*346.9*346.9/$H$2*$H$6 -> 86252112
A12: 14 | B12: 46344.5 | C12: =B12/$R$3*$H$6 -> 29.662648 | E12: =B12*346.9*346.9/$H$2*$H$6 -> 85581963
A13: 14.2 | B13: 46022.3 | C13: =B13/$R$3*$H$6 -> 29.456425 | E13: =B13*346.9*346.9/$H$2*$H$6 -> 84986974
A14: 14.4 | B14: 45167.3 | C14: =B14/$R$3*$H$6 -> 28.909185 | E14: =B14*346.9*346.9/$H$2*$H$6 -> 83408090
A15: 14.6 | B15: 44713 | C15: =B15/$R$3*$H$6 -> 28.618412 | E15: =B15*346.9*346.9/$H$2*$H$6 -> 82569158
A16: 14.8 | B16: 45099.7 | C16: =B16/$R$3*$H$6 -> 28.865918 | E16: =B16*346.9*346.9/$H$2*$H$6 -> 83283256
A17: 15 | B17: 44404.3 | C17: =B17/$R$3*$H$6 -> 28.420829 | E17: =B17*346.9*346.9/$H$2*$H$6 -> 81999098
A18: 15.2 | B18: 41994 | C18: =B18/$R$3*$H$6 -> 26.878124 | E18: =B18*346.9*346.9/$H$2*$H$6 -> 77548123
... A116: 34.8 | B116: 14020.8 | C116: =B116/$R$3*$H$6 -> 8.9739679 | E116: =B116*346.9*346.9/$H$2*$H$6 -> 25891478
E117: =SUM(E77:E116)*0.2 -> 1.6075313e+09

Sheet CHECK-dtcalc_er_SA.C
A1: Energies(MeV) | B1: Spect points (n/sr/MeV/C/)Spec2.txt | E1: diff
A2: 12 | B2: 100473411302296 | C2: =B2*0.000001 -> 1.0047341e+08 | D2: =Spec2!E2 -> 1.0047518e+08 | E2: =(C2-D2)/C2 -> -1.7574172e-05
A3: 12.2 | B3: 9.8055456e+13 | C3: =B3*0.000001 -> 98055456 | D3: =Spec2!E3 -> 98057177 | E3: =(C3-D3)/C3 -> -1.7544746e-05
A4: 12.4 | B4: 9.7843276e+13 | C4: =B4*0.000001 -> 97843276 | D4: =Spec2!E4 -> 97844997 | E4: =(C4-D4)/C4 -> -1.7588917e-05
A5: 12.6 | B5: 9.3503362e+13 | C5: =B5*0.000001 -> 93503362 | D5: =Spec2!E5 -> 93505005 | E5: =(C5-D5)/C5 -> -1.7574172e-05
A6: 12.8 | B6: 9.2568787e+13 | C6: =B6*0.000001 -> 92568787 | D6: =Spec2!E6 -> 92570417 | E6: =(C6-D6)/C6 -> -1.7605343e-05
A7: 13 | B7: 9.2042502e+13 | C7: =B7*0.000001 -> 92042502 | D7: =Spec2!E7 -> 92044122 | E7: =(C7-D7)/C7 -> -1.7605521e-05
A8: 13.2 | B8: 8.9631378e+13 | C8: =B8*0.000001 -> 89631378 | D8: =Spec2!E8 -> 89632955 | E8: =(C8-D8)/C8 -> -1.7590268e-05
A9: 13.4 | B9: 8.9705242e+13 | C9: =B9*0.000001 -> 89705242 | D9: =Spec2!E9 -> 89706820 | E9: =(C9-D9)/C9 -> -1.7590255e-05
A10: 13.6 | B10: 8.7693355e+13 | C10: =B10*0.000001 -> 87693355 | D10: =Spec2!E10 -> 87694898 | E10: =(C10-D10)/C10 -> -1.7590624e-05
A11: 13.8 | B11: 8.6250593e+13 | C11: =B11*0.000001 -> 86250593 | D11: =Spec2!E11 -> 86252112 | E11: =(C11-D11)/C11 -> -1.7607626e-05
A12: 14 | B12: 8.5580459e+13 | C12: =B12*0.000001 -> 85580459 | D12: =Spec2!E12 -> 85581963 | E12: =(C12-D12)/C12 -> -1.7574172e-05
A13: 14.2 | B13: 8.4985481e+13 | C13: =B13*0.000001 -> 84985481 | D13: =Spec2!E13 -> 84986974 | E13: =(C13-D13)/C13 -> -1.7557197e-05
... A116: 34.8 | B116: 2.5891022e+13 | C116: =B116*0.000001 -> 25891022 | D116: =Spec2!E116 -> 25891478 | E116: =(C116-D116)/C116 -> -1.7588103e-05
A119: Lost in Transfer corrections | B119: 1.00018
A120: DT based on erlang (used) | B120: 1.00553
A121: Integrated charge used for normalization of each run: | B121: 65.54 | C121: uC
